bedrooms,square_footage,price,location
3,1800,34000," Bhagyalaxmi Nagar, Kavadiguda "
3,2500,45000," Gachibowli, Outer Ring Road "
1,2100,18000, Gachibowli
3,2160,40000," Moosapet, NH "
3,1580,23000, Raghavendra Colony kondapur 
3,2600,50000," Banjara Darwaja, Golconda Fort "
3,1350,32000," Mohans Sai Signature, 2100 akramguda "
3,2100,13000, Gowlidoddy
3,1700,35000," Somajiguda, NH "
3,1150,11000, Kapra 
3,1330,19000," Tilak Nagar, New Nallakunta, NH "
3,1836,30000," Neknampur, Manikonda, Outer Ring Road "
3,1540,18000," Mayuri Nagar, Miyapur "
3,1720,30000," Accurate Wind Chimes, Narsingi, Outer Ring Road "
3,1950,31000," Hyder Nagar, NH "
3,2075,49000," Vajras Jasmine County, Fi2100 cial district gucchibowli "
3,2500,38000," Tirumala Gardens, Banjara Hills, NH "
2,1080,18000," Paragon Venkatadri 2s, Kachiguda, NH "
3,1500,26000," Meenakshi Homes, Miyapur, NH "
3,2150,25000, Papulguda 
2,1350,12000," Bachupally, Outer Ring Road "
3,1198,34000, 2100 akram Guda 
3,2100,39000," L&T Serene County, Gachibowli, Outer Ring Road "
3,1875,37000," SM Plaza, ECIL "
3,1200,13000," Chatta Bazaar, Pathar Gatti "
2,1296,35000," Lodha Meridian, Kukatpally Housing Board Colony, NH "
2,1100,45000, Hitech City 
3,2000,38000," Banjara Hills, NH "
3,2020,45000," Gachibowli, Outer Ring Road "
2,1200,35000, Mehindipatnam 
3,1640,35000," YMCA Circle, Narayanguda "
3,1640,35000," YMCA Circle, Narayanguda "
3,1870,40000," Vajras Jasmine County, Gachibowli, Outer Ring Road "
3,1600,25000, Jubilee Hills 
3,1650,25000, Kondapur 
3,2100,27000, Kondapur
2,1260,19000, Kondapur 
3,1920,35000," Golf View, Gachibowli, Outer Ring Road "
3,1250,18000, Devan Devdi 
3,1818,40000," Lodha Casa Paradiso, Sanath Nagar, NH "
3,2130,24000," Srila Park Pride, Kukatpally, NH "
3,1800,35000," Gudi Malkapur, Mehdipatnam "
3,1555,30000," Bachupally, Outer Ring Road "
1,2100,23000," Banjara Basera 2, Banjara Hills, NH "
2,1200,16000, KPHB 
3,1600,20000," Dullapally, NH "
2,1296,12000," VSR Celestial Towers, Gajularamaram "
3,2072,28000," Jeedimetla, NH "
3,1460,17000," Vasanth Nagar Colony, Nizampet "
3,1900,45000," Nallagandla, Serilingampally "
2,950,15500, Brindavan Colony-Toli Chowki 
2,1100,16000, West Marredpally 
2,1563,20000," PBEL City, Appa junction "
3,1990,36000," Aditya Empress Towers, Shaikpet "
3,2051,45000," Prestige Ivy League, Phase "
1,2100,9800, Shri
3,1260,20000," Upparpally, Hyderabad Expressway "
2,1075,15000," Gangaram, Chandanagar, NH "
3,2100,30000," Srinivas Nagar, Rhoda Mistri Nagar "
3,2000,35000," Vasanth Nagar Colony, Nizampet "
3,1600,36000, Madhapur 
3,1360,13000," Annojiguda, NH "
3,2025,35000," Neknampur, Manikonda, Outer Ring Road "
3,1860,22000," NGRI, Secunderabad "
3,1500,25000," Chandanagar, NH "
2,1160,30000," Samatha Nagar, Kukatpally, NH "
3,1400,17500, Bandlaguda Jagir 
3,1380,44000," Jains Carlton Creek, Gachibowli, Outer Ring Road "
3,1800,24000," Kukatpally, NH "
3,2000,43000," Aditya Imperial Heights, Hafeezpet, NH "
3,1800,35000," Nallagandla, Serilingampally "
3,1620,25000, Gajularamaram 
3,2200,25000," Ramanthapur, NH "
3,1810,30000," ALIND Employees Colony, Serilingampally "
3,1510,12000," ARK Homes, Bolarum, Medchal Road "
4,2800,50000," Kokapet, Outer Ring Road "
3,1908,48000," SMR Vinay Iconia, Kondapur "
3,1705,30000, Hitech City 
2,900,19000, Papulguda 
3,1690,38000," My Home Vihanga, Gachibowli, Outer Ring Road "
3,1600,35000," Aditya Empress Towers, Shaikpet "
2,800,10000, Attapur 
3,1360,14000, Balaji Hills Colony 
2,1200,29000," Green Space Hill Park, Manikonda, Outer Ring Road "
2,1200,17000, Puppalaguda 
3,1580,16000," GK Pride, Yapral "
2,900,15000, Mehdipatnam 
3,1230,17000, Nizampet 
2,1050,18000," Kavadiguda, NH "
2,1265,9000," Gundlapochampally, Outer Ring Road "
2,1500,16000, East Marredpally 
3,1400,21000," Silicon Ridge, Attapur "
3,1550,13000," Gks Habitat Royale, Yapral "
2,1100,17000, Attapur 
3,970,17000," Green Space Residency, Gajularamaram "
3,1650,40000," Lacasa K 2s, Banjara Hills, NH "
3,1630,30000, Gopanapalli 
3,1738,48000, Kondapur 
3,1834,40000," My Home Avatar, Narsingi, Outer Ring Road "
3,2100,24000," Ramky One Marvel, Kukatpally, NH "
2,1250,18000," Golden Heights Colony, Janachaitanya colony, Hyderabad Expressway "
2,1314,30000," My Home Avatar, Narsingi, Outer Ring Road "
3,3250,36000," Floatilla, Manikonda, Outer Ring Road "
4,2200,50000," Ashoka Liviano, Gachibowli, Outer Ring Road "
3,1360,15000," Modi Emerald Heights, Pocharam, NH "
3,1460,30000, Shamshabad 
3,1150,18000, Royal Colony-Ram Bagh Colony 
3,2000,25000," Anjaneyanagar Colony, Boduppal "
2,900,9500, Bairagiguda 
3,1600,27000, West Marredpally 
3,2100,36000, Kavuri Hills
3,1369,45000, Masab Tank 
3,2580,48000, Whitefields 
3,2259,45000," Lodha Meridian, Kukatpally Housing Board Colony, NH "
3,1800,32000," Khairatabad, NH "
2,1314,33000," My Home Avatar, My home avatar "
2,890,8000, Medipally 
3,1843,40000," My Home Avatar, Narsingi, Outer Ring Road "
3,1650,25000," Old Nallakunta, New Nallakunta "
3,1200,12000," Paramount Residency, Nagaram "
3,2100,18000," Sadbhavana, Ghatkesar, NH "
3,1100,13000," Janapriya Lakefront, Sainikpuri "
3,2000,25000, Suchitra Circle 
3,2540,38000," NCC Urban One, Narsingi, Outer Ring Road "
2,1150,16000," Gandhi Nagar, Kavadiguda, NH "
2,1250,10500," Beeramguda, Ramachandra Puram, NH "
3,2200,40000, Gachibowli Phase 
2,1120,19000," Basheer Bagh, NH "
3,1608,20000," Manchirevula, Outer Ring Road "
3,2000,20000, Osman Nagar 
2,1200,26000," Ameerpet, NH "
2,1000,20000, Bandari Layout 
2,1100,18500," Al Hasnath Colony, Toli Chowki "
2,950,35000, Shaikpet 
3,1900,40000," NCL Sindhu, Dandamudi Enclave, Jeedimetla "
3,2045,30000, Shaikpet 
3,1800,40000," Nallagandla, Serilingampally "
3,1368,21000, Gajularamaram 
3,2100,18000, Gowlidoddy
3,1500,32500," Kukatpally Housing Board Colony, NH "
3,1450,32000," Kavuri Hills, Madhapur "
3,2347,45000," SMR Vinay Iconia, Kondapur "
3,2800,45000," Trendset Winz, Gachibowli, Outer Ring Road "
3,1650,40000," Gachibowli, Outer Ring Road "
3,1865,31500," Indu Fortune Fields 2s, Hitech City "
3,2200,24000," Old Malakpet, NH "
3,3000,45000," Hafeezpet, NH "
2,1000,13000," Temple Alwal, Secunderabad, Siddipet Road "
2,1300,20000," Punjagutta, NH "
2,1300,18000," Samatha Nagar, Kukatpally, NH "
3,1375,45000," Lanco Hills, Manikonda, Outer Ring Road "
3,1800,20000," Narsingi, Outer Ring Road "
3,2000,36000," Domalguda, Himayath Nagar, NH "
3,1600,22000," NCL Ganga, Kompally "
3,2100,23000," Pragathi Nagar-Ramanthpur, NH "
3,1789,15500," Saket, Secunderabad "
3,1450,12000, Sainikpuri 
4,3380,45000," NCC Urban One, Narsingi, Outer Ring Road "
3,2000,35000," Lakdikapul, NH "
2,1100,15000, Vidya Nagar 
3,1690,32000," Aparna Hillpark Gardenia, Chandanagar, NH "
3,1750,22000," Kalyan Puri, Secunderabad "
2,1050,27000, Nehru Nagar-West Marredpally 
2,800,10000, Sangareddy District 
2,1070,22000," Samata Colony, Toli Chowki "
3,1252,12000, Dammaiguda 
3,1150,16000," Tilak Nagar, New Nallakunta, NH "
3,2400,22000," Tellapur, Outer Ring Road "
3,1590,39000," Aditya Imperial Heights, Hafeezpet, NH "
3,1700,18000, Karwan sahu 
3,1550,50000, New Mallepally 
2,1314,33000," My Home Avatar, Narsingi, Outer Ring Road "
3,1000,18500, Mayur Marg 
3,1950,48000, 2100 akram Guda 
4,4000,25000," Saptagiri Colony, Kukatpally, NH "
2,2100,15000, Sangareddy
2,1000,14000," Dilsukh Nagar, NH "
3,1630,20000," Alkapuri, LB Nagar, NH "
2,1050,27000, Madhapur 
2,915,15000," Vidyanagar, Adikmet "
2,1200,14000," Champapet, Koti "
3,1144,16500," Nirmala Ratna 2, Gangaram, Chandanagar, NH "
3,1660,29000," Moti Nagar-Erragadda, NH "
3,1198,40000," Mantri Celestia, Gachibowli, Outer Ring Road "
2,1200,17500, Masab Tank 
3,1655,16000," Hyder Nagar, NH "
3,2000,30000," Khaja Guda, Outer Ring Road "
3,2003,25000," Pearl Celestial, Kokapet, Outer Ring Road "
3,1600,24000," Vertex Pleasant, Kukatpally, NH "
3,2500,35000," Banjara Hills, NH "
3,2000,40000," Kavuri Hills, Madhapur "
3,2100,42000, Aparna Serene Park
3,1570,22000," Daisy Classic, Kukatpally, NH "
2,1380,23000," SMR Vinay Harmony County, Appa junction "
5,4000,40000," My Nest Mahati, Kondapur "
3,1800,27000," De Lite Power Welfare Society, Narsingi, Outer Ring Road "
2,1095,12500, Gajularamaram 
2,150,12500," Sun City, Bandlaguda, Chevella Road "
2,1000,12000, Gudimalkapur 
3,1260,18000, Tarnaka 
3,1800,25000, Appa junction 
3,1610,25000, Raghuram A
3,1495,23000," SMR Vinay City, Miyapur, NH "
3,1300,16000, Nizampet 
3,2600,38000," Yousufguda, NH "
3,1265,18500," Chandanagar, NH "
3,2285,50000," Lumbini Avenue, Gachibowli, Outer Ring Road "
3,1425,22000," Kokapet, Outer Ring Road "
3,2200,31000, Kothaguda 
3,1840,38000," Gachibowli CUC, Outer Ring Road "
3,1525,25000," Hafeezpet, NH "
3,2100,10000," Kukatpally Housing Board Colony, NH "
2,1250,16500, Attapur 
1,1700,13000, Lakshmi Nagar Colony-Hanuman Nagar Colony
1,2100,25000, Gachibowli
3,2259,50000," Lodha Meridian, K P H B Phase "
2,1365,36000," Magnam Opus, Gachibowli, Outer Ring Road "
2,1314,30000," My Home Avatar, Narsingi, Outer Ring Road "
3,1925,32000," SMR Vinay Fountainhead, Hyderabad "
2,800,10000," Bagh Amberpet, Amberpet, NH "
2,1400,16000, Attapur 
3,1600,19000," Aakriti Honey dew, Tellapur, Outer Ring Road "
3,1500,17500," Kukatpally, NH "
3,1800,20000," Hill County Township, Bachupally, Outer Ring Road "
2,810,13000, Serilingampally 
2,1450,26000," Project Golden Habitat, Madhapur "
3,2192,40000," Western Exotica Project , Kothaguda "
3,1800,26000," Aditya Imperial Heights, Hafeezpet, NH "
3,1400,18000, Haripuri colony 
2,768,15000," Manikonda, Outer Ring Road "
3,1700,15000, Aminpur 
4,2800,50000," Banjara Hills, NH "
3,1740,18000," APSEB Colony, Hastinapuram "
3,1575,18000," Silver Spring, Narsingi, Outer Ring Road "
2,1250,10000," Bachupally, Outer Ring Road "
2,1100,13000, Attapur 
2,1800,25000," Bhavyas Akhila Exotica, Kukatpally, NH "
3,1700,15000," Sri Mahalakshmi Residency, Attapur "
2,850,18000," Lakdikapul, NH "
3,1650,24000," Sri Nainas Sunrise, Manikonda, Outer Ring Road "
2,1200,17000, Balkampet 
2,1000,16500, Puppalaguda 
3,2192,45000," Western Exotica Project , Kothaguda "
3,1525,23000," APGOs Coop HSG Society, Hafeezpet "
2,1150,14000, Toli Chowki 
3,1775,23000, Hyderaguda-Attapur 
3,1490,25000," Infocity Excellence and Elegance, Nallagandla, Serilingampally "
3,1450,25000, Mehdipatnam 
3,1200,15000," Aparna Kanopy Tulip, Kompally "
3,1870,35000," Sumukhi Orbit, Madhapur "
3,1756,34000," Project Hill Ridge Springs, Gachibowli, Outer Ring Road "
3,1500,26000," Gayatri Hills, Jubilee Hills "
3,1360,15000," Emerald Heights, Nizampet "
2,1160,16000," New Dilshukh Nagar, NH "
3,1450,14000, Maruthi Nagar 
2,950,10000," Hayathnagar, NH "
3,2200,35000, Kondapur 
2,670,10500," Quthbullapur, NH "
4,3000,36000, Puppalaguda 
2,1200,18000, Puppalaguda 
3,1933,18000," Modi Splendour, Kukatpally, NH "
3,2200,26000, Attapur 
3,1933,18000," Modi Splendour, Kukatpally, NH "
2,900,10200," Quthbullapur, NH "
2,900,14500, Borabanda 
3,1650,18000," Miyapur, NH "
3,1850,23000," Manikonda, Outer Ring Road "
3,1650,36000," Ashoka Liviano, Gachibowli, Outer Ring Road "
4,2000,25000," Al Hasnath Colony, Toli Chowki "
2,100,9000, Narapally 
3,1690,45000," Gachibowli CUC, Outer Ring Road "
2,1100,13000," New Bowenpally, NH "
3,1850,30000, Shaikpet 
3,1925,25000," Hafeezpet, NH "
3,1600,17000, Uppal Metro 
3,1750,17000, Bowenpally 
3,1700,20000, Nizampet 
3,1782,35000," IT Heights, Khaja Guda, Outer Ring Road "
3,1450,15000, Bowenpally 
2,954,10000," Modi Emerald Heights, Pocharam, NH "
3,1933,16000," Modi Splendour, Gajularamaram "
3,1700,32000," Pranav Surya Planet, Kothaguda "
2,1008,14000," Miyapur, NH "
2,1100,15000," Chandanagar, NH "
2,1140,8500," Lalaguda, Secunderabad "
1,2100,8000," LB Nagar, NH "
3,1350,10000," Sri Sai Ram Residency, Beeramguda, Ramachandra Puram, NH "
2,900,15000, Gayathri Nagar 
3,1745,29000," Concrete Palazzo, Nacharam "
2,1180,19500," Silver Nest Arcade, Narayanguda "
2,1314,35000," My Home Avatar, Narsingi, Outer Ring Road "
2,1280,30000, Narayanguda 
3,1490,30000," Aditya Imperial Heights, Hafeezpet, NH "
3,1500,18000, New Nallakunta 
2,1278,33000," Lodha Meridian, Kukatpally Housing Board Colony, NH "
2,1600,35000," Banjara Hills, NH "
3,1545,35000," Vajras Jasmine County, Gachibowli, Outer Ring Road "
3,2430,40000," SMR Vinay Iconia, Kondapur "
3,1834,40400," My Home Avatar, Narsingi, Outer Ring Road "
2,1100,17000," Krishna Giri Enclave, Secunderabad "
3,1738,48000," Prestige Ivy League, Hitech City "
3,2440,48000," Jayabheri Orange County, Gachibowli, Outer Ring Road "
3,1490,22000," Janapriya Utopia II, Upparpally, Hyderabad Expressway "
3,2690,40000," SRI SAIRAM Towers, Hafeezpet, NH "
2,1000,18000, Shivam Rd 
2,1000,16000," Kukatpally Housing Board Colony, NH "
2,1100,20000, Kondapur 
3,2100,44000, Hitech
1,2100,6500, Vidyanagar
3,1800,45000," Golf View, Gachibowli, Outer Ring Road "
3,2265,40000," Rainbow Vistas Rock Gardens, Hitech City "
3,2100,30000, Kondapur
2,1150,17000," Gayatri Hills, Jubilee Hills "
3,2100,25000, West
2,1260,25000," Ayyappa Society, Madhapur "
3,1558,28000," Indu Fortune Fields 2s, Hitech City "
2,1345,20000, Kondapur 
3,1380,15000, Dammaiguda 
2,1100,20000," Basheer Bagh, NH "
3,2300,45000, Masjid Banda 
3,1650,30000," Rethibowli, Mehdipatnam "
3,1545,35000," Vajras Jasmine County, Fi2100 cial District, 2100 akram Guda "
1,2100,13000, Kondapur
1,2100,10000, Kondapur
2,2100,20000," Hemadurga Towers, Miyapur, NH "
3,2100,44000, Rajapushpa Atria
2,2100,31000, Aparna Cyber Commune
2,1295,30000," Aparna Serene Park, Masjid Banda "
2,1262,41000," Ashvita, Hitech City "
3,1600,31000," Aparna CyberZon, Nallagandla, Serilingampally "
3,2345,36000," ACE Atlantis, Khaja Guda, Outer Ring Road "
3,1100,29000, Jubilee Hills 
3,1550,23000, Narayanguda 
1,2100,15000, Kothaguda
3,2100,40000, Aditya Empress Towers
3,1800,28000," Aditya Imperial Heights, Hafeezpet, NH "
3,2500,35000, Hitech City 
3,1854,45000," Lodha Meridian, Kukatpally, NH "
3,2350,50000," Nagarjuna Residency, P Janardhan Reddy Nagar, Gachibowli, Outer Ring Road "
3,2400,45000," Apurupa Avenue, Kavuri Hills, Madhapur "
3,1485,23000, Kondapur 
2,900,16000," Banjara Hills, NH "
4,2550,38000," Ameerpet, NH "
3,2160,42000," My Home Vihanga, Gachibowli, Outer Ring Road "
3,1628,26000," PBEL City, Appa junction "
3,1628,26000," PBEL City, Appa junction "
3,2200,50000," Aparna Aura, Jubilee Hills "
4,2300,50000," Jains Carlton Creek, Gachibowli, Outer Ring Road "
3,2400,48000," Ramky Towers Elite, Madhapur "
3,1600,25000," Shanthi Nagar-Kukatpally, NH "
3,1800,22000," Sanjeeva Reddy Nagar, NH "
3,1300,25000," Surya Nagar, Toli Chowki "
3,1834,40000," Gachibowli, Outer Ring Road "
2,1250,18000, West Marredpally 
2,1200,17000," Samata Colony, Toli Chowki "
3,2200,50000," Banjara Hills, NH "
3,1504,18000," Manikonda, Outer Ring Road "
3,1900,45000, Kondapur 
3,1615,45000," Aparna Serene Park, Kondapur "
2,907,18000," Solanki Gulmohar, Brahman Wadi, Begumpet "
2,1233,17500, Attapur 
3,2000,14000," Saroornagar, NH "
2,1800,15000, Fort View Colony 
3,2092,35000," Morning Raga, Alkapur Township, Manikonda, Outer Ring Road "
1,2100,7500," Uppal, NH "
3,1210,13000, Nagaram 
2,6000,17000," Chandanagar, NH "
3,1650,25000," Surya Sravanthi 2, Kothaguda "
2,1140,15000," Lotus Avenues, Miyapur, NH "
3,1650,12000," Saroornagar, NH "
2,1217,30000," Kokapet, Outer Ring Road "
2,1350,39000," Kokapet, Outer Ring Road "
2,1230,26000, Police Colony-Kondapur 
3,1685,30000," Rajapushpa Atria, Kokapet, Outer Ring Road "
3,1800,18000, Bandlaguda Jagir 
2,1514,20000," Jeedimetla, NH "
3,1450,15000," Bachupally, Outer Ring Road "
2,1200,20000," Durgabai Deshmukh Colony, Amberpet "
3,1655,30000," Nallagandla, Serilingampally "
2,1413,13000," Malakpet, NH "
2,1010,28500," Malaysian Township, Kukatpally, NH "
2,2100,14500, IDPL Colony
3,1500,28000," Hafeezpet, NH "
3,1685,27000," Accurate Wind Chimes, Narsinghi "
2,2100,8500," Beeramguda, Ramachandra Puram, NH "
3,1024,30000," Aditya Imperial Heights, Hafeezpet, NH "
3,1685,45000," Gachibowli, Outer Ring Road "
3,1600,30000," Manikonda, Outer Ring Road "
3,2050,36000," Aditya Gardenia, Banjara Hills, NH "
2,1314,30000," My Home Avatar, Narsingi, Outer Ring Road "
1,2100,8000, Charminar
3,1410,20000," SMR Vinay Harmony County, Appa junction "
3,1850,36000," Aditya Gardenia, Banjara Hills, NH "
3,2100,30000," Aditya Imperial Heights, Hafeezpet, NH "
1,2100,15000, Kondapur
2,1200,14000, Musheerabad 
3,1525,25000, Friends Colony 
2,1150,18000, khairtabad 
2,1650,15000," Golden Heights Colony, Janachaitanya colony, Hyderabad Expressway "
2,1200,13000, Chilakalguda 
3,1580,50000," Habsiguda, NH "
2,950,8500," B N Reddy Nagar, Nagarjuna Sagar Road "
3,1678,16000," Upparpally, Hyderabad Expressway "
2,1175,12000," A2100 dbagh, Secunderabad, Moula Ali Road "
1,2100,7000, Langar
3,1632,25000," LB Nagar, NH "
2,1000,15000," Langar House South, Hyderabad Expressway "
4,1650,23000, Toli Chowki 
3,1690,37000," My Home Vihanga, Gachibowli, Outer Ring Road "
1,2100,15000," Mythri Nagar, Hafeezpet, NH "
3,1900,26000," Hill County Township, Bachupally, Outer Ring Road "
3,1648,24000," TNR Sulakshna, LB Nagar, NH "
3,1570,17000," Manasa Vensa Ashraya, Saroornagar, NH "
3,1490,30000," Aditya Imperial Heights, Hafeezpet, NH "
4,2675,50000," Ashoka Liviano, P Janardhan Reddy Nagar, Gachibowli, Outer Ring Road "
3,1660,26000," East Oak Luxury 2s, Pocharam, NH "
3,1490,35000," Aditya Imperial Heights, Hafeezpet, NH "
2,650,8500," LIG 2s, Kukatpally, NH "
3,1550,40000, Narayanguda 
2,1200,15000," Devi Bagh, Bahadurpura "
3,1410,23000," Tellapur, Outer Ring Road "
2,1200,21000," Sriramnagar,Kothaguda "
3,1530,28000," Vazhraa Nirmaan Pushpak, Nizampet "
2,1500,25000, P&T Colony 
3,1725,30000," Honer Vivantis, Nalagandala "
3,2100,15000, Sri Mahalakshmi Residency
3,1800,40000, Attapur 
3,1520,28000, West Marredpally 
2,1600,11500, Almasguda 
3,1350,15000," Sun City, Bandlaguda, Chevella Road "
3,2200,50000," Whistling Woods, Kokapet, Outer Ring Road "
2,1200,25000, Toli Chowki 
2,1500,30500," Khaja Guda, Outer Ring Road "
3,1643,25000," RV Kaustubha, Kompally "
3,1505,40000," Aparna Serene Park, Kondapur "
2,1050,8000," Bachupally, Outer Ring Road "
3,2100,40000, Vajras Jasmine County
3,1600,22000," Advocates Colony, Himayath Nagar "
2,1050,28000, Police Colony-Kondapur 
3,1920,27000," Hyder Nagar, NH "
3,1300,15000, Gajularamaram 
3,1550,16000, MADEENAGUDA 
2,1275,20000," Madinaguda, Hafeezpet, NH "
2,1200,30000," P Janardhan Reddy Nagar, Gachibowli, Outer Ring Road "
2,1200,28000," Alkapur Township, Manikonda, Outer Ring Road "
3,1525,23000," SMR Sowmya, West Marredpally "
2,1100,26000, Toli Chowki 
3,1500,15000," Bommarillu Homes, Madhura Nagar-Nizampet "
3,1800,17500," Sapthagiri Enclave, Bachupally, Outer Ring Road "
3,1250,24000," Malaysian Township, Kukatpally, NH "
2,1314,30000," Narsingi, Outer Ring Road "
4,1850,38000, Begumpet 
2,1314,30000," My Home Avatar, Narsingi, Outer Ring Road "
3,1475,15000, Sivaji Nagar-Chandanagar 
2,1090,30000," Lakdikapul, NH "
2,150,9000," Uppal, NH "
3,1400,25000," Dundoo Classic Tower, Boiguda "
3,1365,15000," Jai Jawahar Nagar, Secunderabad "
2,970,12000, Ashgoli 
2,1150,12000, Adibatla 
3,2100,25000, Kondapur
3,1350,18000, Toli Chowki 
2,900,16000," Hafeezpet, NH "
3,1550,19500," Mayflower Heights, Mallapur "
3,1100,9500," Bandlaguda, Nagole, Srisailam Highway "
2,1000,14000," Gangaram, Chandanagar, NH "
3,1870,42000," Vajras Jasmine County, Gachibowli, Outer Ring Road "
3,2535,30000," Patels Bright View, Yapral "
3,1500,27000," Secunderabad, Rashtrapati ROAd "
3,1654,16000," VSR Celestial Towers, Gajularamaram "
3,2300,28000," SMR Vinay Harmony County, Appa junction "
3,4000,25000," Chitrapuri Colony, Manikonda, Outer Ring Road "
3,2630,45000," Hallmark KSN Residency, Kondapur "
3,1800,45000," Vittal Rao Nagar, Hitech City "
2,1275,20000," NCL Sindhu, Satyam Enclave, Komapally, NH "
2,1100,11000," Manovikas Nagar, Secunderabad, NH "
3,1834,40000," My Home Avatar, Narsingi, Outer Ring Road "
3,1533,28000," Ramanthapur, NH "
3,1250,18000," Pragathi Nagar, Kukatpally "
4,1500,9000," Bandlaguda, Nagole, Srisailam Highway "
2,900,8000, Patelguda 
2,950,11000, Suchitra Road 
3,1555,32000," Hafeezpet, NH "
3,1600,26000," Green Field Colony, Secunderabad "
2,1101,14500," Bachupally, Outer Ring Road "
3,2800,45000, Near Gachibowli Fi2100 cil Dist. 
3,1400,16500," Moula Ali, Moula Ali Road "
3,2200,50000, Gachibwoli (ORR junction) 
2,1314,36000," My Home Avatar, Narsingi, Outer Ring Road "
3,1490,35000," Aditya Nagar, Hafeezpet "
3,2200,32000," SRI SAIRAM Towers, Indra Reddy Alwyn Colony, Miyapur, NH "
2,1130,18000, Adibatla 
3,1875,40000, Shaikpet 
3,1275,13000," Gaghan Pahad, Rajendra Nagar, Outer Ring Road "
3,1510,22000," Hafeezpet, NH "
3,1800,30000," Krishna Nagar, Yousufguda "
3,1500,12000," Bachupally, Outer Ring Road "
2,1200,12000, Adibatla 
2,1100,10000," Malla Reddy Colony, Secunderabad "
3,1198,36000," Mantri Celestia, Gachibowli, Outer Ring Road "
2,1500,12000," Buddha Nagar Colony, Boduppal "
2,850,25000, Mehdipatnam 
2,850,28000, Mehdipatnam 
2,850,28000, Mehdipatnam 
3,1600,15000, Dr A.S. Rao Nagar 
2,1300,12000," Bachupally, Outer Ring Road "
3,2400,30000, Marredpally 
3,1660,18000," Boduppal, NH "
2,1150,14000, Nizampet 
3,1620,15000," Fort View, Hydershakote, Bandlaguda, Chevella Road "
2,850,28000, Mehdipatnam 
3,1400,18000, Nagole 
2,850,30000, Hakimpet-Hyderabad 
3,1375,22000," Quadri Happy Homes Paradise, Amberpet "
2,1125,19000, Gajularamaram 
3,1675,30000," Ameerpet, NH "
3,1600,18000," Rasoolpura, Mahatma Gandhi Road "
3,1550,23000, KPHB Colony 
3,1834,42000," Narsingi, Outer Ring Road "
3,2000,24000," Pocharam, NH "
3,1800,14000," Boduppal, NH "
3,1600,16000," Chandanagar, NH "
3,1400,25000," Raghavendra Colony, NH "
3,1400,21500, Puppalaguda 
3,1600,40000," My Home Avatar, Narsingi, Outer Ring Road "
2,1162,30000," Aliens Fast Track, Madhapur "
2,1461,23000," KKRs Fountainhead, Miyapur, NH "
3,2358,35000," Pearl Celestial, Kokapet, Outer Ring Road "
2,1100,12000, military dairy farm rd 
2,1150,15000," Skanda Srinivasam, Isnapur, Outer Ring Road "
3,2100,19000," Madinaguda, Hafeezpet, NH "
3,2260,50000," Green Grace, Gachibowli, Outer Ring Road "
2,1205,22000," Vazhraa Nirmaan Pushpak, Madhura Nagar-Nizampet "
2,600,16000, Papulguda 
2,1360,18000, Humayun Nagar 
2,1200,23000," Padmarao Nagar, Hyderabad-Karimnagar Highway "
3,1200,17000," New Bowenpally, NH "
3,1961,45000," Punjagutta, NH "
3,1400,25000," Manikonda, Outer Ring Road "
3,1300,22000," Shankara Kranthi 2, Kavadiguda, NH "
3,1450,21000, Shaikpet 
3,1711,33000," IT Heights, Khaja Guda, Outer Ring Road "
3,1600,25000," Himayath Nagar, NH "
3,2540,45000," Narsingi, Outer Ring Road "
3,1400,17500," Sun City, Bandlaguda, Chevella Road "
3,1670,25000," Upparpally, Hyderabad Expressway "
2,1314,30000," Narsingi, Outer Ring Road "
3,2150,42000," The Legend Somajiguda I, Somajiguda, NH "
3,1500,35000, Shivam Rd 
2,900,26000, Hakimpet-Hyderabad 
3,2200,30000," Miyapur, NH "
3,2540,45000," NCC Urban One, Narsingi, Outer Ring Road "
3,1715,28000," Habsiguda, NH "
2,1314,31000," My Home Avatar, Narsingi, Outer Ring Road "
2,1314,30000," My Home Avatar, Narsingi, Outer Ring Road "
2,1350,15000," Bandlaguda, Nagole, Srisailam Highway "
4,2000,35000, KPHB Road 
3,1600,22000, Gopanapalli 
3,1530,25000," Kukatpally Housing Board Colony, NH "
2,1300,13000," Ramanthapur, NH "
2,1300,15000, Rahat Nagar-Amberpet 
2,1000,14000," Radha Krishna Nagar-Attapur, Attapur "
3,2100,27000," SMR Sartaj Plaza, Bowenpally "
3,1834,34000," My Home Avatar, Narsingi, Outer Ring Road "
3,1665,20000, Puppalaguda 
2,1135,27000," Jaya Nagar, Kukatpally, NH "
2,1000,11000, Gajularamaram 
3,1350,20000, Attapur 
3,1400,25000," Ameerpet, NH "
3,1800,38000," Aparna Sarovar, Nalagantla "
2,850,28000, Mehdipatnam 
2,1210,15000," Bachupally, Outer Ring Road "
2,1500,25000," Basheer Bagh, NH "
3,1614,16000, Gajularamaram 
3,1650,30000," SMR Empire, West Marredpally "
3,2100,8500, Janapriya Lakefront
3,1416,16000, Nizampet 
2,2100,13500," Victory Estates, Jeedimetla, NH "
2,870,12500," Vasathi A2100 di, Appa junction "
2,1250,40000," SMR Vinay Technopolis, Madhapur "
2,1100,11000," Pocharam, NH "
3,1800,18000, Nizampet 
3,1800,24000," Narsingi, Outer Ring Road "
2,1150,27000," Muppas Alankrita, Narsingi, Outer Ring Road "
2,1080,9000, Gajularamaram 
4,2600,21000, Trimulgherry 
3,1345,19000," Raheja Vistas, Nacharam "
2,1400,24000," Ushodaya Enclave, Hafeezpet "
3,1625,16500, Nizampet 
2,1000,7000, Badangpet 
3,1500,26000," Erragadda, NH "
3,1625,16500, Bandari Layout 
4,2300,50000," Domalguda, Himayath Nagar, NH "
3,1860,42500," Vajras Jasmine County, Gachibowli, Outer Ring Road "
3,1575,50000," Aditya Empress Towers, Shaikpet "
3,1600,35000," Banjara Hills, NH "
3,1435,20000, Dr A.S. Rao Nagar 
3,1275,20000, Boiguda 
3,2090,40000," L&T Serene County, Telecom Nagar, Gachibowli, Outer Ring Road "
3,2425,45000," Meenakshi Sky Lounge, Bikshapathi Nagar, Hafeezpet "
2,1000,22000, Hitech City 
2,1200,25000, Madhapur 
3,1550,28000," DD Colony, Amberpet "
3,1900,35000," Aditya Imperial Heights, Hafeezpet, NH "
2,850,10000, Attapur 
3,1400,14000, Attapur 
2,990,12000, Nizampet 
2,2100,13000, Pragathi Nagar
2,1100,16000," Chandanagar, NH "
2,975,16000," Lingampally-Serilingampally, NH "
1,2100,6500," Banjara Hills, NH "
3,1900,38000," Lodha Meridian, Kukatpally Housing Board Colony, NH "
3,1500,45000, Masab Tank 
1,2100,12500, Madhapur
2,1100,15000," Madinaguda, Hafeezpet, NH "
3,1750,23000," Anjani Towers, Ameerpet, NH "
3,1600,25000, Himayatnagar 
3,2000,20000, Bandlaguda Jagir 
3,1715,21000, MIGH Colony-Mehdipatnam 
3,1834,38000," Narsingi, Outer Ring Road "
2,1350,16000," Manikonda, Outer Ring Road "
3,1560,25000, New Mallepally 
3,2100,30000, Madhapur
2,1100,18000," Himayath Nagar, NH "
3,1600,36000," My Home Vihanga, Gachibowli, Outer Ring Road "
2,1025,15400, Begumpet 
1,2100,7000, New
3,1800,19000, Panjagutta Colony 
3,1800,22000, Attapur 
3,2100,25000, Hitex
3,2600,40000," Banjara Hills, NH "
2,2100,16000, Anjaneyanagar Colony
2,2100,12500," Sanath Nagar, NH "
3,1200,12000, Neredmet 
3,1198,40000," Mantri Celestia, Gachibowli, Outer Ring Road "
3,1602,30000," MJR Golden Enclave, Madhapur "
2,1125,11000," Lakshmi Nagar Colony-Hanuman Nagar Colony, Secunderabad "
3,2000,25000," Barkatpura, Kachiguda, NH "
3,2500,48000," Jayabheri Orange County, Gachibowli CUC, Outer Ring Road "
2,1000,15000," Gachibowli, Outer Ring Road "
2,2100,13000, Alwal
2,2100,21000," Raghavendra Colony, NH "
3,1685,30000," My Homes Jewel, Miyapur, NH "
3,1550,28000," Yella Reddy Guda, NH "
2,2100,8000," Yella Reddy Guda, NH "
3,2100,30000," Ashok Nagar, Himayath Nagar "
3,1100,12000," Malakpet, NH "
3,1850,35000," Himayath Nagar, NH "
2,1100,17500, Kondapur 
3,2500,47000," Meenakshis Royal Court, Banjara Hills, NH "
3,2500,47000," Meenakshis Royal Court, Banjara Hills, NH "
2,1364,28000," Jains Carlton Creek, Gachibowli, Outer Ring Road "
2,1050,17000," Manikonda Society, Manikonda, Outer Ring Road "
3,1750,18000," Manikonda, Outer Ring Road "
2,1050,20000," Kukatpally Housing Board Colony, NH "
2,1100,15000, Chikkadpally 
2,1100,18000," Vasavi Residency, A2100 d Nagar-Khairatabad, NH "
1,2100,9000, Whitefields
2,1300,12000, Rahat Nagar-Amberpet 
2,1300,12000," Old Alwal, Secunderabad, Siddipet Road "
2,1200,11500," Chandanagar, NH "
2,1200,15600," Kukatpally Housing Board Colony, NH "
2,2100,9000, New Maruthi Nagar
3,1400,18000, Friends Colony 
1,2100,8300, Vidyanagar
2,1060,7000, Dr A.S. Rao Nagar 
2,1100,6500," Boduppal, NH "
2,1175,18500," Manikonda, Outer Ring Road "
2,1800,11000," Alkapuri, LB Nagar, NH "
1,2100,7000, Vidyanagar
2,1100,18000," Kukatpally, NH "
2,2100,11000, Fair Lands
2,1200,13000, Suchitra Circle 
2,2100,9500," Uppal, NH "
2,1200,15000, Jubilee Hills 
2,600,5500, Nagole 
3,1200,22000, Road # 
2,2100,17000," Viveka2100 da Nagar, Kukatpally, NH "
3,1200,13000," Bachupally, Outer Ring Road "
3,1525,25000," Miyapur, NH "
2,950,15000, Attapur 
3,1665,35000, Kondapur 
3,1575,20000, Kompally 
2,1300,17000, Gachibowli phase 
2,1300,17000," Gachibowli, Outer Ring Road "
2,1200,7000, Sangareddy 
2,1050,15000, Masab Tank 
2,975,28000," Kattel Mandi, Abids "
3,1521,18000," Miyapur, NH "
2,1470,25000, Attapur 
3,1650,30000," Gopalnagar Society, Hafeezpet "
2,1360,35000," Kukatpally, NH "
2,1138,20000," Gagan Mahal, Himayath Nagar, NH "
2,1050,16000," Sai Nagar-Komapally, NH "
3,1500,15000," Surya Nagar Colony, Secunderabad, Medchal Road "
2,1000,7500, Meerpet 
2,1470,25000, Attapur 
3,2100,20000, Rajarajeshwari Nagar
2,1220,27000, Masab Tank 
2,950,16000, Nizampet 
2,1150,33000, Jagruthi Colony 
3,2100,50000," Gachibowli, Outer Ring Road "
2,1000,20000, Adibatla 
1,2100,9000, Allwyn
3,1230,35000," Gachibowli, Outer Ring Road "
2,2100,25000, Fi2100 cial District
3,1500,37000, Kakatiya Hills madhapur 
2,910,20500," Old Nallakunta, New Nallakunta "
2,1300,10000," Sun City, Bandlaguda, Chevella Road "
2,700,7500, Narapally 
3,2100,8000, Medipally
3,2100,6500, KPHB
2,950,6000, Boduppal Dwaraka nagar 
2,800,7000, Balapur 
2,950,18000, Narayanaguda main road 
2,1800,15000, Fort View Colony 
3,1200,18000, Hyderabad 
2,1000,21000, Begumpet 
2,1519,25000, Suchitra Circle 
3,1700,22000," Dilsukh Nagar, NH "
3,1570,24000, Anjaneyanagar Colony moosapet 
2,1350,20000, Gandhi Nagar-Boiguda 
2,1250,6000, Karimnagar 
3,2100,8000," Hafeezpet, NH "
3,1600,20000, Hyderabad 
3,1500,35000," Aparna Hill park Silver oaks, Chandanagar, NH "
3,1440,22000, Mettuguda 
3,1750,27000," Kaithalapur, Borabanda "
2,1000,15000, Toli Chowki 
2,1700,9000, Hyderabad 
3,1040,15200, Toli Chowki 
3,1385,12000, Nagole 
2,900,9000, Bandlaguda Jagir 
2,950,10000, Sainikpuri 
3,2100,18000," Hyder Shah Kote, Chevella Road "
3,1350,16000," Ramnagar Gundu, Adikmet, NH "
2,1314,34000," My Home Avatar, Narsingi, Outer Ring Road "
3,1600,30000," Tanasha Nagar, Outer Ring Road "
3,2000,18500, Bowenpally 
2,1200,20000, SD Road 
3,1740,15000," Dullapally, NH "
3,1800,25000," Kukatpally, NH "
2,900,11000, Vidyut Nagar 
2,130,8000, Aminpur 
2,1182,25000, Chikkadpally 
2,875,9500, Meerpet 
1,2100,25000," Banjara Hills, NH "
2,1300,10000, Attapur 
3,1400,13000," Tellapur, Outer Ring Road "
2,1250,27000," Gachibowli, Outer Ring Road "
3,1500,15000," Vanasthalipuram, NH "
2,750,10000, Bandlaguda Jagir 
2,750,10000," Hyder Shah Kote, Chevella Road "
3,1685,38000," Gachibowli, Outer Ring Road "
2,1000,20500," Jalvayu Tower, Gandhi Nagar, Kavadiguda, NH "
2,1200,14000," Chandanagar, NH "
2,100,22000," Red Hills, Lakdikapul, NH "
3,1500,16000, Nizampet 
3,1740,38000," Fi2100 cial District, 2100 akram Guda "
3,1500,20000, Brindavan Colony-Toli Chowki 
2,1275,30000," Raghavendra Colony, NH "
2,950,23000," Himayath Nagar, NH "
2,1150,13000, Nizampet 
2,1200,25000, Kondapur 
2,1000,15000, New Nallakunta 
3,1200,20000, Brindavan Colony-Toli Chowki 
2,1200,14000, New Nallakunta 
3,1600,26000," Sanjeeva Reddy Nagar, NH "
3,1600,17000," Arvind Nagar Colony, Toli Chowki "
2,2100,15000, Singapore
3,1395,15000, Attapur 
2,1258,18000," Kukatpally, NH "
1,2100,14000, Kondapur
2,1000,13000, Toli Chowki 
2,1000,15000, Mehdipatnam 
3,200,8500, OU Colony 
3,1500,25000," Manikonda, Outer Ring Road "
2,1250,16500, Mitapur 
2,1200,15500, Nizampet Road 
2,1000,9000," Safilguda, Secunderabad "
3,1750,19500," Hyder Nagar, NH "
3,1750,19500," Hyder Nagar, NH "
3,1750,19500," Hyder Nagar, NH "
4,1600,27000,"Kukatpally, NH "
4,1600,27000,"Kukatpally, NH "
4,1600,27000,"Kukatpally, NH "
4,1600,27000,"Kukatpally, NH "
4,1600,27000,"Kukatpally, NH "
4,1600,27000,"Kukatpally, NH "
4,1600,27000,"Kukatpally, NH "
4,1600,27000,"Kukatpally, NH "
4,1600,27000,"Kukatpally, NH "
4,1600,27000,"Kukatpally, NH "
1,1000,9000,"Sri Sai Varshith Residency, Beeramguda, Ramachandra Puram, NH  "
1,1000,9000,"Sri Sai Varshith Residency, Beeramguda, Ramachandra Puram, NH  "
1,1000,9000,"Sri Sai Varshith Residency, Beeramguda, Ramachandra Puram, NH  "
1,1000,9000,"Sri Sai Varshith Residency, Beeramguda, Ramachandra Puram, NH  "
1,1000,9000,"Sri Sai Varshith Residency, Beeramguda, Ramachandra Puram, NH  "
1,1000,9000,"Sri Sai Varshith Residency, Beeramguda, Ramachandra Puram, NH  "
1,1000,9000,"Sri Sai Varshith Residency, Beeramguda, Ramachandra Puram, NH  "
1,1000,9000,"Sri Sai Varshith Residency, Beeramguda, Ramachandra Puram, NH  "
1,1000,9000,"Sri Sai Varshith Residency, Beeramguda, Ramachandra Puram, NH  "
1,1000,9000,"Sri Sai Varshith Residency, Beeramguda, Ramachandra Puram, NH  "
1,1000,9000,"Sri Sai Varshith Residency, Beeramguda, Ramachandra Puram, NH  "
1,1000,9000,"Sri Sai Varshith Residency, Beeramguda, Ramachandra Puram, NH  "
1,1000,9000,"Sri Sai Varshith Residency, Beeramguda, Ramachandra Puram, NH  "
1,1000,9000,"Sri Sai Varshith Residency, Beeramguda, Ramachandra Puram, NH  "
1,1000,9000,"Sri Sai Varshith Residency, Beeramguda, Ramachandra Puram, NH  "
1,1000,9000,"Sri Sai Varshith Residency, Beeramguda, Ramachandra Puram, NH  "
1,1000,9000,"Sri Sai Varshith Residency, Beeramguda, Ramachandra Puram, NH  "
1,1000,9000,"Sri Sai Varshith Residency, Beeramguda, Ramachandra Puram, NH  "
2,1000,12000," Rajendra Nagar, Outer Ring Road "
3,1400,17500, Bandlaguda 
2,1080,13000, Bandam Kommu 
3,2100,35000, Kondapur
2,1800,10000," Beeramguda, Ramachandra Puram, NH "
2,1312,30000," Narsingi, Outer Ring Road "
3,1620,22000," Deepthisri Nagar, NH "
2,975,16000, Tolly Chowki 
3,1200,15000, Nallakunta 
3,1520,10000," Sai Homes, Peerzadiguda "
2,950,18500," Chintal, NH "
3,1400,15000," Defence Colony, Secunderabad "
2,1400,22000, Vinayak Nagar 
2,870,15000," Moula Ali, Moula Ali Road "
3,1450,17000, Friends Colony 
2,1200,14000, Toli Chowki 
2,800,8500, Meerpet 
3,1870,40000," Gachibowli, Outer Ring Road "
2,900,30000," Mythri Nagar, Hafeezpet, NH "
2,1145,13000," Secunderabad, Rashtrapati ROAd "
3,1950,50000," Banjara Hills, NH "
3,1200,25000," Khairatabad, NH "
3,1568,25000, Appa junction 
3,1800,35000," Khairatabad, NH "
2,1000,6500, Karimnagar 
2,500,8000, rtc cross road 
1,2100,18000, Gopanapalli
2,1045,20000, MIGH Colony-Mehdipatnam 
1,2100,8700, Santosh
2,1350,15000, Attapur 
3,2560,38000, Kompally 
4,3000,40000, Kompally 
3,1800,40000," Banjara Hills, NH "
3,2200,30000," Manikonda, Outer Ring Road "
3,1800,37000," Gachibowli, Outer Ring Road "
2,1350,15000," LB Nagar, NH "
4,2400,38000," Ameerpet, NH "
1,2100,7500," Uppal, NH "
2,1200,12000," Uppal, NH "
2,1370,23000," Kokapet, Outer Ring Road "
3,2100,20000, Manikonda
3,1500,18000," Alkapur Township, Manikonda, Outer Ring Road "
1,800,10000, Nalanda Nagar
3,1400,16000, New Nallakunta 
3,1280,35000," CMC Enclave, Kondapur "
2,1200,24000, Kondapur 
2,2100,14500," Aarambh Township, Chandanagar, NH "
1,2100,9000," Punjagutta, NH "
2,2100,13000, Nizampet
1,2100,7000, Vidyanagar
3,1750,17000," Madinaguda, Hafeezpet, NH "
2,1000,18000," Venkata Ramana Colony, Nagole "
3,1980,32000, Kondapur 
1,800,7000," Ameerpet, NH "
2,900,16500, Begumpet 
1,2100,6500, Bachupally
1,2100,7500," Beeramguda, Ramachandra Puram, NH "
2,1008,10000," Upparpally, Hyderabad Expressway "
2,1200,26000," Srinija Gayatri Hills, Gachibowli, Outer Ring Road "
3,1350,15000, Nizampet 
2,1000,11000," The Legend Vittalwadi, Narayanguda "
2,1200,30000," P Janardhan Reddy Nagar, Gachibowli, Outer Ring Road "
2,2100,8500, Meerpet
3,1710,30000," Saptagiri Colony, Kukatpally, NH "
2,1000,11000," LB Nagar, NH "
3,1250,23000," Kukatpally, NH "
2,1314,30000," My Home Avatar, Narsingi, Outer Ring Road "
2,1050,15000, Masab Tank 
2,1200,18000, Nizampet 
2,1200,12000," Rajiv Gandhi Nagar Colony, Nizampet "
2,1050,14000," Gandhi Nagar, Kavadiguda, NH "
1,2100,6000, Lalaguda
2,2100,22000," Yousufguda, NH "
3,1680,21000," Narsingi, Outer Ring Road "
3,135,8000, Hyderabad 
2,2000,15000," LB Nagar, NH "
3,1900,25000," Punjagutta, NH "
2,1000,10000, Syed Nagar 
2,1300,15000, Hyderaguda-Attapur 
2,1160,12000, Gajularamara 
3,1500,26000, Sri Nagar Colony 
2,1250,7000, Ramakrishnapuram-Neredmet 
2,1250,22000," Srinija Gayatri Hills, Gachibowli, Outer Ring Road "
2,1160,12000," Dilsukh Nagar, NH "
2,1100,9000, Alwal 
2,960,9000," Sri Vasavi Siva Nagar Colony, Secunderabad "
2,900,5000, Maruthi Nagar 
3,1650,19500, Attapur 
3,2000,15000, ECIL 
2,1400,25000," Manikonda, Outer Ring Road "
3,1400,20000," Kukatpally, NH "
2,890,8500, Chanda Nagar 
3,1525,7500, Gajularamaram 
3,2894,50000," P Janardhan Reddy Nagar, Gachibowli, Outer Ring Road "
2,1314,34000, 2100 akram Guda 
2,1141,23000, Kondapur 
2,850,8500," Murad Nagar, Lal Darwaza, Falaknuma Road "
2,2100,15000, Attapur
2,1050,12000, Teja Colony 
1,2100,8000, Bhagya Nagar Colony
3,2100,15000, Pragathi Nagar
3,2100,21000," Kukatpally, NH "
2,1400,19000, Suchitra Circle 
2,1115,15000, Hyderabad 
1,2100,22000," Qader Ali 2, Malakpet, NH "
1,2100,15000, Sri Ramnagar - Block C
2,2100,20000," Madhura Nagar, NH "
3,1600,27000," Aparna CyberZon, Nallagandla, Serilingampally "
3,2500,38000, Hyderguda 
3,2100,30000, Rainbow Vistas Rock Gardens
3,1600,35000," Patrika Nagar, Hitech City "
2,1150,13500," Akshay Homes, Nagole "
2,1120,15000," Moosarambagh, NH "
3,1458,10000," Hayathnagar, NH "
2,1230,15000," Giridhari Murari, Appa junction "
1,900,9500, Bachupally
2,1080,12000, Dr A.S. Rao Nagar 
3,3000,49000," Mount Meru, Banjara Hills, NH "
2,980,14000," Durgabai Deshmukh Colony, Amberpet "
3,1350,20000, Shaikpet 
3,1436,23000," Shanta Sriram Sonata, New Nallakunta "
3,1510,15000," ARK Homes, Bolarum, Medchal Road "
3,1800,23000," Hyder Nagar, NH "
3,2400,22000, Osman Nagar 
3,2000,40000, Begumpet 
3,1440,22000," Old Malakpet, NH "
3,1340,16500, Aminpur 
3,950,15000," Gulshan Colony, Qutub Shahi Tombs "
3,2600,35000," Stonehenge, Appa junction "
1,2100,12500, Toli
3,1900,20000," Gulshan Colony, Qutub Shahi Tombs "
1,2100,10500," Hafeezpet, NH "
2,1050,16000, Attapur 
2,850,7500, Nagaram 
3,2700,48000," Lanco Hills, Manikonda, Outer Ring Road "
2,850,11000, hydernagar 
3,1900,20000, Nizampet 
3,1200,15000, New Nallakunta 
3,1500,14000," Janapriya Arcadia, Alwal "
2,750,12000," Bachupally, Outer Ring Road "
2,1215,15000, Aminpur 
2,1245,15000," NSK Bliss Meadows, Madinaguda, Hafeezpet, NH "
4,2311,45000," Jains Carlton Creek, Gachibowli, Outer Ring Road "
3,2240,23000," Tellapur, Outer Ring Road "
2,1350,14000, Nizampet 
3,1550,40000, Narayanguda 
2,1300,25000, Moti Nagar 
3,2160,36000," Sanath Nagar, NH "
3,1630,16000," SV Brindavanam, Boduppal, NH "
1,2100,12000," Ameerpet, NH "
2,780,12500, Kothapet 
2,1500,10000, Dr A.S. Rao Nagar 
3,1650,15000," Miyapur, NH "
3,1625,20500," Mayflower Heights, Mallapur "
3,1414,25000," RDB Coconut Grove, Miyapur, NH "
2,1200,14500, Suchitra Circle 
2,1000,15000," Langar House South, Hyderabad Expressway "
3,1335,32000, Hitech City 
1,2100,20000, Chitrapuri Colony
2,1200,32000," SK Wonders, Kondapur "
2,2200,13000, Toli Chowki 
3,1850,20000, Nizampet 
2,1000,9500, Vayupuri 
3,1650,35000," The Legend, Himayath Nagar, NH "
2,1000,9000," Saket, Secunderabad "
3,1800,16000," Old Malakpet, NH "
3,1735,30000," Keesara Homes, Domalguda, Himayath Nagar, NH "
3,1500,16000," Neknampur, Manikonda, Outer Ring Road "
2,1048,44000," Golf Edge, Gachibowli CUC, Outer Ring Road "
3,2187,50000," Jains Ravi Gayathri Heights, Hitech City "
3,1600,22000," Miyapur, NH "
2,1000,14000, Attapur 
2,100,15000, Toli Chowki 
1,2100,6000," Ramanthapur, NH "
3,1698,15000," Upparpally, Hyderabad Expressway "
3,1800,33000," Ashok Nagar, Himayath Nagar "
2,1250,12000," Venkata Sai Enclave, Nizampet "
1,2100,12000, Langar
4,3000,40000," Kokapet, Outer Ring Road "
2,1000,12000, Old Bowenpally 
2,1000,12000, Old Bowenpally 
2,1000,12000, Old Bowenpally 
2,1000,12000, Old Bowenpally 
2,1000,12000, Old Bowenpally 
2,1000,12000, Old Bowenpally 
2,1000,12000, Old Bowenpally 
2,1000,12000, Old Bowenpally 
2,1000,12000, Old Bowenpally 
2,1000,12000, Old Bowenpally 
2,1000,12000, Old Bowenpally 
2,1000,12000, Old Bowenpally 
2,1000,12000, Old Bowenpally 
2,1000,12000, Old Bowenpally 
2,1000,12000, Old Bowenpally 
2,1000,12000, Old Bowenpally 
2,1000,12000, Old Bowenpally 
2,1000,12000, Old Bowenpally 
2,1000,12000, Old Bowenpally 
2,1000,12000, Old Bowenpally 
2,1000,12000, Old Bowenpally 
2,1000,12000, Old Bowenpally 
2,1000,12000, Old Bowenpally 
2,1000,12000, Old Bowenpally 
2,1000,12000, Old Bowenpally 
2,1000,12000, Old Bowenpally 
2,1000,12000, Old Bowenpally 
2,1000,12000, Old Bowenpally 
2,1000,12000, Old Bowenpally 
2,1000,12000, Old Bowenpally 
2,1000,12000, Old Bowenpally 
2,1000,12000, Old Bowenpally 
2,1000,12000, Old Bowenpally 
2,1000,12000, Old Bowenpally 
2,1000,12000, Old Bowenpally 
2,1000,12000, Old Bowenpally 
2,1000,12000, Old Bowenpally 
2,1000,12000, Old Bowenpally 
2,1000,12000, Old Bowenpally 
2,1000,12000, Old Bowenpally 
2,1000,12000, Old Bowenpally 
2,1000,12000, Old Bowenpally 
2,1000,12000, Old Bowenpally 
2,1000,12000, Old Bowenpally 
2,1000,12000, Old Bowenpally 
2,1000,12000, Old Bowenpally 
2,1000,12000, Old Bowenpally 
2,1000,12000, Old Bowenpally 
2,1000,12000, Old Bowenpally 
2,1000,12000, Old Bowenpally 
2,1000,12000, Old Bowenpally 
2,1000,12000, Old Bowenpally 
2,1000,12000, Old Bowenpally 
2,1000,12000, Old Bowenpally 
2,1000,12000, Old Bowenpally 
2,1000,12000, Old Bowenpally 
2,1000,12000, Old Bowenpally 
2,1000,12000, Old Bowenpally 
2,1000,12000, Old Bowenpally 
2,1000,12000, Old Bowenpally 
2,1000,12000, Old Bowenpally 
2,1000,12000, Old Bowenpally 
2,1000,12000, Old Bowenpally 
2,1000,12000, Old Bowenpally 
2,1000,12000, Old Bowenpally 
2,1000,12000, Old Bowenpally 
2,1000,12000, Old Bowenpally 
2,1000,12000, Old Bowenpally 
2,1000,12000, Old Bowenpally 
2,1000,12000, Old Bowenpally 
2,1000,12000, Old Bowenpally 
2,1000,12000, Old Bowenpally 
2,1000,12000, Old Bowenpally 
2,1000,12000, Old Bowenpally 
2,1000,12000, Old Bowenpally 
2,1000,12000, Old Bowenpally 
2,1000,12000, Old Bowenpally 
2,1000,12000, Old Bowenpally 
2,1000,12000, Old Bowenpally 
2,1000,12000, Old Bowenpally 
2,1000,12000, Old Bowenpally 
2,1000,12000, Old Bowenpally 
2,1000,12000, Old Bowenpally 
2,1000,12000, Old Bowenpally 
2,1000,12000, Old Bowenpally 
2,1000,12000, Old Bowenpally 
2,1000,12000, Old Bowenpally 
2,1000,12000, Old Bowenpally 
2,1000,12000, Old Bowenpally 
2,1000,12000, Old Bowenpally 
2,1000,12000, Old Bowenpally 
2,850,13000," Kukatpally Housing Board Colony, NH "
2,1400,22000, Kondapur 
1,2100,10000, Narsingi
2,1150,14500, Humayun Nagar 
2,900,20000, Moti Nagar 
3,1400,22000," Amrutha Avenue, Manikonda, Outer Ring Road "
2,980,15500, Narayanguda 
2,850,12000, Moti Nagar 
2,915,9000, Neredmet 
3,2600,30000, Kondapur 
2,1200,23000," Domalguda, Himayath Nagar, NH "
3,1200,8000," Bachupally, Outer Ring Road "
2,1150,14000," Kachiguda, NH "
2,1000,11000," LB Nagar, NH "
3,1855,35000, Hitech City 
1,2100,5000, Hyderaguda-Attapur
2,2100,10000, Hasmathpet
2,91,12000," Miyapur, NH "
2,1314,28000," Gachibowli, Outer Ring Road "
1,2100,10000," Hafeezpet, NH "
2,980,15000," Madinaguda, Hafeezpet, NH "
3,1700,20000, Shaikpet 
2,1275,18000," Kukatpally Housing Board Colony, NH "
1,2100,12500, INCOR Bonsai Homes
1,2100,6000, Begumpet
2,1050,9000," Sri Sai Varshith Residency, Beeramguda, Ramachandra Puram, NH "
2,1750,22000, Q city 
2,970,15000, KPHB Road 
2,1250,20000, Kondapur 
2,2100,12000, Gulistan 2s
3,1300,13000," Salar Jung Colony, Toli Chowki "
2,1260,16000, Tarnaka 
2,1080,13000, Bandam Kommu 
2,1150,15000," Park Stone, Attapur "
2,1314,25000," Narsingi, Outer Ring Road "
2,1000,16500," Somajiguda, NH "
2,925,5000," Sai Darshan, HMT nagar, Secunderabad "
3,1690,40000," My Home Vihanga, Gachibowli, Outer Ring Road "
3,1035,20000," Jains Amrutha, Vengal Rao Nagar, NH "
2,1200,10000," SBC Pristine Place, Gajularamaram "
2,1200,10000, Uppal Metro 
1,2100,11000," Yousufguda, NH "
2,1314,30000," Gachibowli, Outer Ring Road "
3,1380,35000," Jains Carlton Creek, Gachibowli, Outer Ring Road "
2,1125,21000," Ramky One Marvel, Kukatpally, NH "
3,1580,45000," Green Terraces, Whitefields "
1,2100,13000, Chhota Anjaiah Nagar
1,2100,7500, Bharat Nagar
1,2100,13000, Chhota Anjaiah Nagar
3,1580,30000," Rainbow Vistas Rock Gardens, Hitech City "
1,2100,11000," Kukatpally Housing Board Colony, NH "
3,1800,35000," Adi Emerald, Kondapur "
3,1756,26000," Tulip Residency, Kondapur "
2,1000,11000, Vasavi Nagar-Karkhana 
3,1500,20000, Tarnaka 
2,1050,15000," Pragathi Nagar, Kukatpally "
3,1700,24000," Srinagar Colony, Old Malakpet, NH "
2,880,15000," Happy Homes Colony, Hyderabad Expressway "
2,1325,18000, Suchitra Circle 
3,2500,25000," Srinagar Colony, Old Malakpet, NH "
3,1250,23000," Ashok Nagar, Himayath Nagar "
3,1800,32000," Aditya DSR LakeSide, Madhava Reddy Colony, Gachibowli "
1,2100,8000," Beeramguda, Ramachandra Puram, NH "
3,2100,8000, Telecom Nagar
1,2100,6000, ALEAP
1,2100,11000, Kondapur
2,1200,14000, Attapur 
1,2100,14000, Kondapur
1,2100,5000," Uppal, NH "
2,900,16000, New Allapur 
2,1200,15000," Punjagutta, NH "
2,850,26000," Mantri Celestia, Gachibowli, Outer Ring Road "
2,1100,14000," Chandanagar, NH "
2,1000,12000, Jubilee Hills 
3,1450,35000," Aditya Sunshine, Hitech City "
3,1600,21000," Lakshmi Royal Castle, Nallagandla, Serilingampally "
2,1025,27000," Mantri Celestia, Gachibowli, Outer Ring Road "
2,880,15000," Happy Homes Colony, Hyderabad Expressway "
2,1400,12000," Sun City, Bandlaguda, Chevella Road "
2,1000,10000," Swathi Pooja Homes, Dilsukh Nagar, NH "
3,1250,22000," Janapriya Metropolis, Moti Nagar "
3,1868,30000," Indu Fortune Fields 2s, Hitech City "
2,1200,20000," Lingampally-Serilingampally, NH "
3,1480,34000," Vertex Panache, Gachibowli, Outer Ring Road "
1,2100,10500," Lingampally-Serilingampally, NH "
2,900,15000, KPHB Road 
1,2100,10000," Miyapur, NH "
3,1515,14000," Pragathi Nagar, Kukatpally "
3,1500,16000," Habsiguda, NH "
2,1100,12000," Umas Aadya and Arha Mensions, Kukatpally, NH "
